<annotation>
	<folder>foo</folder>
	<filename>121.jpg</filename>
		<source>
		<database>Unknown</database>
	</source>
	<size>
		<width>255</width>
		<height>453</height>
		<depth>3</depth>
	</size>
	<segmented>0</segmented>
	<object>
		<name>text block</name>
		<pose>Unspecified</pose>
		<truncated>1</truncated>
		<difficult>0</difficult>
		<bndbox>
			<xmin>1</xmin>
			<ymin>266</ymin>
			<xmax>70</xmax>
			<ymax>303</ymax>
		</bndbox>
	</object>
	<object>
		<name>text block</name>
		<pose>Unspecified</pose>
		<truncated>0</truncated>
		<difficult>0</difficult>
		<bndbox>
			<xmin>107</xmin>
			<ymin>177</ymin>
			<xmax>210</xmax>
			<ymax>250</ymax>
		</bndbox>
	</object>
</annotation>
