<annotation>
	<folder>foo</folder>
	<filename>214.jpg</filename>
		<source>
		<database>Unknown</database>
	</source>
	<size>
		<width>255</width>
		<height>143</height>
		<depth>3</depth>
	</size>
	<segmented>0</segmented>
	<object>
		<name>text block</name>
		<pose>Unspecified</pose>
		<truncated>0</truncated>
		<difficult>0</difficult>
		<bndbox>
			<xmin>77</xmin>
			<ymin>109</ymin>
			<xmax>112</xmax>
			<ymax>119</ymax>
		</bndbox>
	</object>
	<object>
		<name>text block</name>
		<pose>Unspecified</pose>
		<truncated>0</truncated>
		<difficult>1</difficult>
		<bndbox>
			<xmin>147</xmin>
			<ymin>42</ymin>
			<xmax>172</xmax>
			<ymax>55</ymax>
		</bndbox>
	</object>
</annotation>
