<annotation>
	<folder>foo</folder>
	<filename>242.jpg</filename>
		<source>
		<database>Unknown</database>
	</source>
	<size>
		<width>255</width>
		<height>143</height>
		<depth>3</depth>
	</size>
	<segmented>0</segmented>
	<object>
		<name>text block</name>
		<pose>Unspecified</pose>
		<truncated>0</truncated>
		<difficult>0</difficult>
		<bndbox>
			<xmin>45</xmin>
			<ymin>90</ymin>
			<xmax>82</xmax>
			<ymax>102</ymax>
		</bndbox>
	</object>
	<object>
		<name>text block</name>
		<pose>Unspecified</pose>
		<truncated>0</truncated>
		<difficult>0</difficult>
		<bndbox>
			<xmin>133</xmin>
			<ymin>87</ymin>
			<xmax>151</xmax>
			<ymax>105</ymax>
		</bndbox>
	</object>
</annotation>
