<annotation>
	<folder>foo</folder>
	<filename>243.jpg</filename>
		<source>
		<database>Unknown</database>
	</source>
	<size>
		<width>255</width>
		<height>143</height>
		<depth>3</depth>
	</size>
	<segmented>0</segmented>
	<object>
		<name>text block</name>
		<pose>Unspecified</pose>
		<truncated>1</truncated>
		<difficult>0</difficult>
		<bndbox>
			<xmin>1</xmin>
			<ymin>75</ymin>
			<xmax>43</xmax>
			<ymax>83</ymax>
		</bndbox>
	</object>
	<object>
		<name>text block</name>
		<pose>Unspecified</pose>
		<truncated>0</truncated>
		<difficult>0</difficult>
		<bndbox>
			<xmin>103</xmin>
			<ymin>70</ymin>
			<xmax>125</xmax>
			<ymax>89</ymax>
		</bndbox>
	</object>
</annotation>
