<annotation>
	<folder>foo</folder>
	<filename>249.jpg</filename>
		<source>
		<database>Unknown</database>
	</source>
	<size>
		<width>255</width>
		<height>143</height>
		<depth>3</depth>
	</size>
	<segmented>0</segmented>
	<object>
		<name>text block</name>
		<pose>Unspecified</pose>
		<truncated>0</truncated>
		<difficult>0</difficult>
		<bndbox>
			<xmin>37</xmin>
			<ymin>50</ymin>
			<xmax>122</xmax>
			<ymax>60</ymax>
		</bndbox>
	</object>
	<object>
		<name>text block</name>
		<pose>Unspecified</pose>
		<truncated>0</truncated>
		<difficult>0</difficult>
		<bndbox>
			<xmin>131</xmin>
			<ymin>48</ymin>
			<xmax>226</xmax>
			<ymax>58</ymax>
		</bndbox>
	</object>
</annotation>
