<annotation>
	<folder>foo</folder>
	<filename>65.jpg</filename>
		<source>
		<database>Unknown</database>
	</source>
	<size>
		<width>255</width>
		<height>453</height>
		<depth>3</depth>
	</size>
	<segmented>0</segmented>
	<object>
		<name>text block</name>
		<pose>Unspecified</pose>
		<truncated>0</truncated>
		<difficult>0</difficult>
		<bndbox>
			<xmin>139</xmin>
			<ymin>266</ymin>
			<xmax>212</xmax>
			<ymax>319</ymax>
		</bndbox>
	</object>
	<object>
		<name>text block</name>
		<pose>Unspecified</pose>
		<truncated>0</truncated>
		<difficult>0</difficult>
		<bndbox>
			<xmin>151</xmin>
			<ymin>320</ymin>
			<xmax>227</xmax>
			<ymax>376</ymax>
		</bndbox>
	</object>
</annotation>
