<annotation>
	<folder>read-to-me-out</folder>
	<filename>102.jpg</filename>
	<path>102.jpg</path>
	<source>
		<database>Unknown</database>
	</source>
	<size>
		<width>255</width>
		<height>453</height>
		<depth>3</depth>
	</size>
	<segmented>0</segmented>
	<object>
		<name>text block</name>
		<pose>Unspecified</pose>
		<truncated>0</truncated>
		<difficult>0</difficult>
		<bndbox>
			<xmin>31</xmin>
			<ymin>192</ymin>
			<xmax>118</xmax>
			<ymax>221</ymax>
		</bndbox>
	</object>
	<object>
		<name>text block</name>
		<pose>Unspecified</pose>
		<truncated>0</truncated>
		<difficult>0</difficult>
		<bndbox>
			<xmin>153</xmin>
			<ymin>273</ymin>
			<xmax>249</xmax>
			<ymax>295</ymax>
		</bndbox>
	</object>
</annotation>
