<annotation>
	<folder>read-to-me-out</folder>
	<filename>105.jpg</filename>
	<path>105.jpg</path>
	<source>
		<database>Unknown</database>
	</source>
	<size>
		<width>255</width>
		<height>143</height>
		<depth>3</depth>
	</size>
	<segmented>0</segmented>
	<object>
		<name>text block</name>
		<pose>Unspecified</pose>
		<truncated>0</truncated>
		<difficult>0</difficult>
		<bndbox>
			<xmin>118</xmin>
			<ymin>43</ymin>
			<xmax>165</xmax>
			<ymax>68</ymax>
		</bndbox>
	</object>
	<object>
		<name>text block</name>
		<pose>Unspecified</pose>
		<truncated>0</truncated>
		<difficult>0</difficult>
		<bndbox>
			<xmin>62</xmin>
			<ymin>103</ymin>
			<xmax>105</xmax>
			<ymax>128</ymax>
		</bndbox>
	</object>
</annotation>
