<annotation>
	<folder>read-to-me-out</folder>
	<filename>120.jpg</filename>
	<path>120.jpg</path>
	<source>
		<database>Unknown</database>
	</source>
	<size>
		<width>255</width>
		<height>453</height>
		<depth>3</depth>
	</size>
	<segmented>0</segmented>
	<object>
		<name>text block</name>
		<pose>Unspecified</pose>
		<truncated>0</truncated>
		<difficult>0</difficult>
		<bndbox>
			<xmin>53</xmin>
			<ymin>231</ymin>
			<xmax>125</xmax>
			<ymax>271</ymax>
		</bndbox>
	</object>
	<object>
		<name>text block</name>
		<pose>Unspecified</pose>
		<truncated>1</truncated>
		<difficult>0</difficult>
		<bndbox>
			<xmin>178</xmin>
			<ymin>148</ymin>
			<xmax>255</xmax>
			<ymax>226</ymax>
		</bndbox>
	</object>
</annotation>
