<annotation>
	<folder>read-to-me-out</folder>
	<filename>19.jpg</filename>
	<path>19.jpg</path>
	<source>
		<database>Unknown</database>
	</source>
	<size>
		<width>255</width>
		<height>143</height>
		<depth>3</depth>
	</size>
	<segmented>0</segmented>
	<object>
		<name>text block</name>
		<pose>Unspecified</pose>
		<truncated>0</truncated>
		<difficult>0</difficult>
		<bndbox>
			<xmin>87</xmin>
			<ymin>18</ymin>
			<xmax>138</xmax>
			<ymax>75</ymax>
		</bndbox>
	</object>
	<object>
		<name>text block</name>
		<pose>Unspecified</pose>
		<truncated>0</truncated>
		<difficult>0</difficult>
		<bndbox>
			<xmin>156</xmin>
			<ymin>49</ymin>
			<xmax>209</xmax>
			<ymax>82</ymax>
		</bndbox>
	</object>
</annotation>
