<annotation>
	<folder>read-to-me-out</folder>
	<filename>196.jpg</filename>
	<path>196.jpg</path>
	<source>
		<database>Unknown</database>
	</source>
	<size>
		<width>255</width>
		<height>143</height>
		<depth>3</depth>
	</size>
	<segmented>0</segmented>
	<object>
		<name>text block</name>
		<pose>Unspecified</pose>
		<truncated>0</truncated>
		<difficult>0</difficult>
		<bndbox>
			<xmin>75</xmin>
			<ymin>58</ymin>
			<xmax>115</xmax>
			<ymax>73</ymax>
		</bndbox>
	</object>
	<object>
		<name>text block</name>
		<pose>Unspecified</pose>
		<truncated>0</truncated>
		<difficult>0</difficult>
		<bndbox>
			<xmin>148</xmin>
			<ymin>53</ymin>
			<xmax>190</xmax>
			<ymax>67</ymax>
		</bndbox>
	</object>
</annotation>
