<annotation>
	<folder>read-to-me-out</folder>
	<filename>197.jpg</filename>
	<path>197.jpg</path>
	<source>
		<database>Unknown</database>
	</source>
	<size>
		<width>255</width>
		<height>143</height>
		<depth>3</depth>
	</size>
	<segmented>0</segmented>
	<object>
		<name>text block</name>
		<pose>Unspecified</pose>
		<truncated>0</truncated>
		<difficult>0</difficult>
		<bndbox>
			<xmin>95</xmin>
			<ymin>42</ymin>
			<xmax>127</xmax>
			<ymax>52</ymax>
		</bndbox>
	</object>
	<object>
		<name>text block</name>
		<pose>Unspecified</pose>
		<truncated>0</truncated>
		<difficult>0</difficult>
		<bndbox>
			<xmin>152</xmin>
			<ymin>112</ymin>
			<xmax>187</xmax>
			<ymax>119</ymax>
		</bndbox>
	</object>
</annotation>
