<annotation>
	<folder>read-to-me-out</folder>
	<filename>199.jpg</filename>
	<path>199.jpg</path>
	<source>
		<database>Unknown</database>
	</source>
	<size>
		<width>255</width>
		<height>143</height>
		<depth>3</depth>
	</size>
	<segmented>0</segmented>
	<object>
		<name>text block</name>
		<pose>Unspecified</pose>
		<truncated>0</truncated>
		<difficult>0</difficult>
		<bndbox>
			<xmin>76</xmin>
			<ymin>76</ymin>
			<xmax>111</xmax>
			<ymax>87</ymax>
		</bndbox>
	</object>
	<object>
		<name>text block</name>
		<pose>Unspecified</pose>
		<truncated>0</truncated>
		<difficult>0</difficult>
		<bndbox>
			<xmin>162</xmin>
			<ymin>76</ymin>
			<xmax>195</xmax>
			<ymax>86</ymax>
		</bndbox>
	</object>
</annotation>
