<annotation>
	<folder>read-to-me-out</folder>
	<filename>205.jpg</filename>
	<path>205.jpg</path>
	<source>
		<database>Unknown</database>
	</source>
	<size>
		<width>255</width>
		<height>143</height>
		<depth>3</depth>
	</size>
	<segmented>0</segmented>
	<object>
		<name>text block</name>
		<pose>Unspecified</pose>
		<truncated>0</truncated>
		<difficult>0</difficult>
		<bndbox>
			<xmin>57</xmin>
			<ymin>39</ymin>
			<xmax>98</xmax>
			<ymax>56</ymax>
		</bndbox>
	</object>
	<object>
		<name>text block</name>
		<pose>Unspecified</pose>
		<truncated>0</truncated>
		<difficult>0</difficult>
		<bndbox>
			<xmin>147</xmin>
			<ymin>103</ymin>
			<xmax>208</xmax>
			<ymax>110</ymax>
		</bndbox>
	</object>
</annotation>
