<annotation>
	<folder>read-to-me-out</folder>
	<filename>215.jpg</filename>
	<path>215.jpg</path>
	<source>
		<database>Unknown</database>
	</source>
	<size>
		<width>255</width>
		<height>143</height>
		<depth>3</depth>
	</size>
	<segmented>0</segmented>
	<object>
		<name>text block</name>
		<pose>Unspecified</pose>
		<truncated>0</truncated>
		<difficult>1</difficult>
		<bndbox>
			<xmin>148</xmin>
			<ymin>118</ymin>
			<xmax>180</xmax>
			<ymax>125</ymax>
		</bndbox>
	</object>
</annotation>
