<annotation>
	<folder>read-to-me-out</folder>
	<filename>217.jpg</filename>
	<path>217.jpg</path>
	<source>
		<database>Unknown</database>
	</source>
	<size>
		<width>255</width>
		<height>453</height>
		<depth>3</depth>
	</size>
	<segmented>0</segmented>
	<object>
		<name>text block</name>
		<pose>Unspecified</pose>
		<truncated>0</truncated>
		<difficult>0</difficult>
		<bndbox>
			<xmin>11</xmin>
			<ymin>248</ymin>
			<xmax>92</xmax>
			<ymax>262</ymax>
		</bndbox>
	</object>
	<object>
		<name>text block</name>
		<pose>Unspecified</pose>
		<truncated>0</truncated>
		<difficult>0</difficult>
		<bndbox>
			<xmin>171</xmin>
			<ymin>282</ymin>
			<xmax>232</xmax>
			<ymax>300</ymax>
		</bndbox>
	</object>
</annotation>
