<annotation>
	<folder>read-to-me-out</folder>
	<filename>227.jpg</filename>
	<path>227.jpg</path>
	<source>
		<database>Unknown</database>
	</source>
	<size>
		<width>255</width>
		<height>453</height>
		<depth>3</depth>
	</size>
	<segmented>0</segmented>
	<object>
		<name>text block</name>
		<pose>Unspecified</pose>
		<truncated>0</truncated>
		<difficult>0</difficult>
		<bndbox>
			<xmin>98</xmin>
			<ymin>168</ymin>
			<xmax>183</xmax>
			<ymax>222</ymax>
		</bndbox>
	</object>
	<object>
		<name>text block</name>
		<pose>Unspecified</pose>
		<truncated>0</truncated>
		<difficult>0</difficult>
		<bndbox>
			<xmin>99</xmin>
			<ymin>224</ymin>
			<xmax>188</xmax>
			<ymax>275</ymax>
		</bndbox>
	</object>
</annotation>
