<annotation>
	<folder>read-to-me-out</folder>
	<filename>263.jpg</filename>
	<path>263.jpg</path>
	<source>
		<database>Unknown</database>
	</source>
	<size>
		<width>255</width>
		<height>453</height>
		<depth>3</depth>
	</size>
	<segmented>0</segmented>
	<object>
		<name>text block</name>
		<pose>Unspecified</pose>
		<truncated>0</truncated>
		<difficult>0</difficult>
		<bndbox>
			<xmin>93</xmin>
			<ymin>168</ymin>
			<xmax>209</xmax>
			<ymax>232</ymax>
		</bndbox>
	</object>
	<object>
		<name>text block</name>
		<pose>Unspecified</pose>
		<truncated>0</truncated>
		<difficult>0</difficult>
		<bndbox>
			<xmin>89</xmin>
			<ymin>293</ymin>
			<xmax>192</xmax>
			<ymax>327</ymax>
		</bndbox>
	</object>
</annotation>
