<annotation>
	<folder>read-to-me-out</folder>
	<filename>28.jpg</filename>
	<path>28.jpg</path>
	<source>
		<database>Unknown</database>
	</source>
	<size>
		<width>255</width>
		<height>143</height>
		<depth>3</depth>
	</size>
	<segmented>0</segmented>
	<object>
		<name>text block</name>
		<pose>Unspecified</pose>
		<truncated>0</truncated>
		<difficult>0</difficult>
		<bndbox>
			<xmin>82</xmin>
			<ymin>57</ymin>
			<xmax>138</xmax>
			<ymax>109</ymax>
		</bndbox>
	</object>
	<object>
		<name>text block</name>
		<pose>Unspecified</pose>
		<truncated>0</truncated>
		<difficult>0</difficult>
		<bndbox>
			<xmin>155</xmin>
			<ymin>66</ymin>
			<xmax>225</xmax>
			<ymax>99</ymax>
		</bndbox>
	</object>
</annotation>
