<annotation>
	<folder>read-to-me-out</folder>
	<filename>290.jpg</filename>
	<path>290.jpg</path>
	<source>
		<database>Unknown</database>
	</source>
	<size>
		<width>255</width>
		<height>453</height>
		<depth>3</depth>
	</size>
	<segmented>0</segmented>
	<object>
		<name>text block</name>
		<pose>Unspecified</pose>
		<truncated>0</truncated>
		<difficult>0</difficult>
		<bndbox>
			<xmin>51</xmin>
			<ymin>271</ymin>
			<xmax>206</xmax>
			<ymax>314</ymax>
		</bndbox>
	</object>
</annotation>
