<annotation>
	<folder>read-to-me-out</folder>
	<filename>291.jpg</filename>
	<path>291.jpg</path>
	<source>
		<database>Unknown</database>
	</source>
	<size>
		<width>255</width>
		<height>453</height>
		<depth>3</depth>
	</size>
	<segmented>0</segmented>
	<object>
		<name>text block</name>
		<pose>Unspecified</pose>
		<truncated>0</truncated>
		<difficult>0</difficult>
		<bndbox>
			<xmin>50</xmin>
			<ymin>183</ymin>
			<xmax>170</xmax>
			<ymax>213</ymax>
		</bndbox>
	</object>
	<object>
		<name>text block</name>
		<pose>Unspecified</pose>
		<truncated>0</truncated>
		<difficult>0</difficult>
		<bndbox>
			<xmin>50</xmin>
			<ymin>314</ymin>
			<xmax>190</xmax>
			<ymax>354</ymax>
		</bndbox>
	</object>
</annotation>
