<annotation>
	<folder>read-to-me-out</folder>
	<filename>3.jpg</filename>
	<path>3.jpg</path>
	<source>
		<database>Unknown</database>
	</source>
	<size>
		<width>255</width>
		<height>453</height>
		<depth>3</depth>
	</size>
	<segmented>0</segmented>
	<object>
		<name>text block</name>
		<pose>Unspecified</pose>
		<truncated>0</truncated>
		<difficult>0</difficult>
		<bndbox>
			<xmin>42</xmin>
			<ymin>169</ymin>
			<xmax>125</xmax>
			<ymax>260</ymax>
		</bndbox>
	</object>
	<object>
		<name>text block</name>
		<pose>Unspecified</pose>
		<truncated>0</truncated>
		<difficult>0</difficult>
		<bndbox>
			<xmin>159</xmin>
			<ymin>279</ymin>
			<xmax>244</xmax>
			<ymax>361</ymax>
		</bndbox>
	</object>
</annotation>
