<annotation>
	<folder>read-to-me-out</folder>
	<filename>302.jpg</filename>
	<path>302.jpg</path>
	<source>
		<database>Unknown</database>
	</source>
	<size>
		<width>255</width>
		<height>143</height>
		<depth>3</depth>
	</size>
	<segmented>0</segmented>
	<object>
		<name>text block</name>
		<pose>Unspecified</pose>
		<truncated>0</truncated>
		<difficult>0</difficult>
		<bndbox>
			<xmin>46</xmin>
			<ymin>102</ymin>
			<xmax>116</xmax>
			<ymax>120</ymax>
		</bndbox>
	</object>
	<object>
		<name>text block</name>
		<pose>Unspecified</pose>
		<truncated>0</truncated>
		<difficult>0</difficult>
		<bndbox>
			<xmin>131</xmin>
			<ymin>100</ymin>
			<xmax>200</xmax>
			<ymax>118</ymax>
		</bndbox>
	</object>
</annotation>
