<annotation>
	<folder>read-to-me-out</folder>
	<filename>305.jpg</filename>
	<path>305.jpg</path>
	<source>
		<database>Unknown</database>
	</source>
	<size>
		<width>255</width>
		<height>453</height>
		<depth>3</depth>
	</size>
	<segmented>0</segmented>
	<object>
		<name>text block</name>
		<pose>Unspecified</pose>
		<truncated>0</truncated>
		<difficult>0</difficult>
		<bndbox>
			<xmin>79</xmin>
			<ymin>232</ymin>
			<xmax>169</xmax>
			<ymax>244</ymax>
		</bndbox>
	</object>
	<object>
		<name>text block</name>
		<pose>Unspecified</pose>
		<truncated>0</truncated>
		<difficult>0</difficult>
		<bndbox>
			<xmin>73</xmin>
			<ymin>249</ymin>
			<xmax>189</xmax>
			<ymax>268</ymax>
		</bndbox>
	</object>
</annotation>
