<annotation>
	<folder>read-to-me-out</folder>
	<filename>306.jpg</filename>
	<path>306.jpg</path>
	<source>
		<database>Unknown</database>
	</source>
	<size>
		<width>255</width>
		<height>453</height>
		<depth>3</depth>
	</size>
	<segmented>0</segmented>
	<object>
		<name>text block</name>
		<pose>Unspecified</pose>
		<truncated>0</truncated>
		<difficult>0</difficult>
		<bndbox>
			<xmin>86</xmin>
			<ymin>238</ymin>
			<xmax>163</xmax>
			<ymax>256</ymax>
		</bndbox>
	</object>
</annotation>
