<annotation>
	<folder>read-to-me-out</folder>
	<filename>307.jpg</filename>
	<path>307.jpg</path>
	<source>
		<database>Unknown</database>
	</source>
	<size>
		<width>255</width>
		<height>453</height>
		<depth>3</depth>
	</size>
	<segmented>0</segmented>
	<object>
		<name>text block</name>
		<pose>Unspecified</pose>
		<truncated>0</truncated>
		<difficult>0</difficult>
		<bndbox>
			<xmin>71</xmin>
			<ymin>261</ymin>
			<xmax>152</xmax>
			<ymax>283</ymax>
		</bndbox>
	</object>
	<object>
		<name>text block</name>
		<pose>Unspecified</pose>
		<truncated>1</truncated>
		<difficult>0</difficult>
		<bndbox>
			<xmin>221</xmin>
			<ymin>124</ymin>
			<xmax>255</xmax>
			<ymax>143</ymax>
		</bndbox>
	</object>
</annotation>
