<annotation>
	<folder>read-to-me-out</folder>
	<filename>32.jpg</filename>
	<path>32.jpg</path>
	<source>
		<database>Unknown</database>
	</source>
	<size>
		<width>255</width>
		<height>143</height>
		<depth>3</depth>
	</size>
	<segmented>0</segmented>
	<object>
		<name>text block</name>
		<pose>Unspecified</pose>
		<truncated>0</truncated>
		<difficult>0</difficult>
		<bndbox>
			<xmin>55</xmin>
			<ymin>70</ymin>
			<xmax>132</xmax>
			<ymax>128</ymax>
		</bndbox>
	</object>
	<object>
		<name>text block</name>
		<pose>Unspecified</pose>
		<truncated>0</truncated>
		<difficult>0</difficult>
		<bndbox>
			<xmin>148</xmin>
			<ymin>79</ymin>
			<xmax>198</xmax>
			<ymax>119</ymax>
		</bndbox>
	</object>
</annotation>
