<annotation>
	<folder>read-to-me-out</folder>
	<filename>350.jpg</filename>
	<path>350.jpg</path>
	<source>
		<database>Unknown</database>
	</source>
	<size>
		<width>255</width>
		<height>453</height>
		<depth>3</depth>
	</size>
	<segmented>0</segmented>
	<object>
		<name>text block</name>
		<pose>Unspecified</pose>
		<truncated>0</truncated>
		<difficult>0</difficult>
		<bndbox>
			<xmin>61</xmin>
			<ymin>276</ymin>
			<xmax>218</xmax>
			<ymax>314</ymax>
		</bndbox>
	</object>
	<object>
		<name>text block</name>
		<pose>Unspecified</pose>
		<truncated>1</truncated>
		<difficult>0</difficult>
		<bndbox>
			<xmin>1</xmin>
			<ymin>291</ymin>
			<xmax>14</xmax>
			<ymax>310</ymax>
		</bndbox>
	</object>
</annotation>
