<annotation>
	<folder>read-to-me-out</folder>
	<filename>352.jpg</filename>
	<path>352.jpg</path>
	<source>
		<database>Unknown</database>
	</source>
	<size>
		<width>255</width>
		<height>143</height>
		<depth>3</depth>
	</size>
	<segmented>0</segmented>
	<object>
		<name>text block</name>
		<pose>Unspecified</pose>
		<truncated>0</truncated>
		<difficult>0</difficult>
		<bndbox>
			<xmin>113</xmin>
			<ymin>40</ymin>
			<xmax>197</xmax>
			<ymax>60</ymax>
		</bndbox>
	</object>
	<object>
		<name>text block</name>
		<pose>Unspecified</pose>
		<truncated>1</truncated>
		<difficult>0</difficult>
		<bndbox>
			<xmin>1</xmin>
			<ymin>111</ymin>
			<xmax>55</xmax>
			<ymax>129</ymax>
		</bndbox>
	</object>
</annotation>
