<annotation>
	<folder>read-to-me-out</folder>
	<filename>356.jpg</filename>
	<path>356.jpg</path>
	<source>
		<database>Unknown</database>
	</source>
	<size>
		<width>255</width>
		<height>453</height>
		<depth>3</depth>
	</size>
	<segmented>0</segmented>
	<object>
		<name>text block</name>
		<pose>Unspecified</pose>
		<truncated>0</truncated>
		<difficult>0</difficult>
		<bndbox>
			<xmin>139</xmin>
			<ymin>137</ymin>
			<xmax>210</xmax>
			<ymax>188</ymax>
		</bndbox>
	</object>
	<object>
		<name>text block</name>
		<pose>Unspecified</pose>
		<truncated>0</truncated>
		<difficult>0</difficult>
		<bndbox>
			<xmin>150</xmin>
			<ymin>201</ymin>
			<xmax>203</xmax>
			<ymax>226</ymax>
		</bndbox>
	</object>
</annotation>
