<annotation>
	<folder>read-to-me-out</folder>
	<filename>363.jpg</filename>
	<path>363.jpg</path>
	<source>
		<database>Unknown</database>
	</source>
	<size>
		<width>255</width>
		<height>453</height>
		<depth>3</depth>
	</size>
	<segmented>0</segmented>
	<object>
		<name>text block</name>
		<pose>Unspecified</pose>
		<truncated>0</truncated>
		<difficult>0</difficult>
		<bndbox>
			<xmin>40</xmin>
			<ymin>125</ymin>
			<xmax>196</xmax>
			<ymax>154</ymax>
		</bndbox>
	</object>
	<object>
		<name>text block</name>
		<pose>Unspecified</pose>
		<truncated>0</truncated>
		<difficult>0</difficult>
		<bndbox>
			<xmin>132</xmin>
			<ymin>237</ymin>
			<xmax>210</xmax>
			<ymax>281</ymax>
		</bndbox>
	</object>
</annotation>
