<annotation>
	<folder>read-to-me-out</folder>
	<filename>384.jpg</filename>
	<path>384.jpg</path>
	<source>
		<database>Unknown</database>
	</source>
	<size>
		<width>255</width>
		<height>143</height>
		<depth>3</depth>
	</size>
	<segmented>0</segmented>
	<object>
		<name>text block</name>
		<pose>Unspecified</pose>
		<truncated>0</truncated>
		<difficult>0</difficult>
		<bndbox>
			<xmin>104</xmin>
			<ymin>56</ymin>
			<xmax>154</xmax>
			<ymax>85</ymax>
		</bndbox>
	</object>
	<object>
		<name>text block</name>
		<pose>Unspecified</pose>
		<truncated>0</truncated>
		<difficult>0</difficult>
		<bndbox>
			<xmin>136</xmin>
			<ymin>72</ymin>
			<xmax>166</xmax>
			<ymax>87</ymax>
		</bndbox>
	</object>
</annotation>
