<annotation>
	<folder>read-to-me-out</folder>
	<filename>388.jpg</filename>
	<path>388.jpg</path>
	<source>
		<database>Unknown</database>
	</source>
	<size>
		<width>255</width>
		<height>143</height>
		<depth>3</depth>
	</size>
	<segmented>0</segmented>
	<object>
		<name>text block</name>
		<pose>Unspecified</pose>
		<truncated>0</truncated>
		<difficult>0</difficult>
		<bndbox>
			<xmin>64</xmin>
			<ymin>59</ymin>
			<xmax>126</xmax>
			<ymax>72</ymax>
		</bndbox>
	</object>
	<object>
		<name>text block</name>
		<pose>Unspecified</pose>
		<truncated>0</truncated>
		<difficult>0</difficult>
		<bndbox>
			<xmin>151</xmin>
			<ymin>94</ymin>
			<xmax>204</xmax>
			<ymax>107</ymax>
		</bndbox>
	</object>
</annotation>
