<annotation>
	<folder>read-to-me-out</folder>
	<filename>396.jpg</filename>
	<path>396.jpg</path>
	<source>
		<database>Unknown</database>
	</source>
	<size>
		<width>255</width>
		<height>453</height>
		<depth>3</depth>
	</size>
	<segmented>0</segmented>
	<object>
		<name>text block</name>
		<pose>Unspecified</pose>
		<truncated>0</truncated>
		<difficult>0</difficult>
		<bndbox>
			<xmin>23</xmin>
			<ymin>178</ymin>
			<xmax>88</xmax>
			<ymax>200</ymax>
		</bndbox>
	</object>
	<object>
		<name>text block</name>
		<pose>Unspecified</pose>
		<truncated>0</truncated>
		<difficult>0</difficult>
		<bndbox>
			<xmin>170</xmin>
			<ymin>223</ymin>
			<xmax>235</xmax>
			<ymax>242</ymax>
		</bndbox>
	</object>
</annotation>
