<annotation>
	<folder>read-to-me-out</folder>
	<filename>415.jpg</filename>
	<path>415.jpg</path>
	<source>
		<database>Unknown</database>
	</source>
	<size>
		<width>255</width>
		<height>143</height>
		<depth>3</depth>
	</size>
	<segmented>0</segmented>
	<object>
		<name>text block</name>
		<pose>Unspecified</pose>
		<truncated>0</truncated>
		<difficult>0</difficult>
		<bndbox>
			<xmin>78</xmin>
			<ymin>51</ymin>
			<xmax>111</xmax>
			<ymax>61</ymax>
		</bndbox>
	</object>
	<object>
		<name>text block</name>
		<pose>Unspecified</pose>
		<truncated>0</truncated>
		<difficult>0</difficult>
		<bndbox>
			<xmin>128</xmin>
			<ymin>47</ymin>
			<xmax>182</xmax>
			<ymax>87</ymax>
		</bndbox>
	</object>
</annotation>
