<annotation>
	<folder>read-to-me-out</folder>
	<filename>46.jpg</filename>
	<path>46.jpg</path>
	<source>
		<database>Unknown</database>
	</source>
	<size>
		<width>255</width>
		<height>143</height>
		<depth>3</depth>
	</size>
	<segmented>0</segmented>
	<object>
		<name>text block</name>
		<pose>Unspecified</pose>
		<truncated>0</truncated>
		<difficult>0</difficult>
		<bndbox>
			<xmin>41</xmin>
			<ymin>59</ymin>
			<xmax>99</xmax>
			<ymax>106</ymax>
		</bndbox>
	</object>
	<object>
		<name>text block</name>
		<pose>Unspecified</pose>
		<truncated>0</truncated>
		<difficult>0</difficult>
		<bndbox>
			<xmin>95</xmin>
			<ymin>79</ymin>
			<xmax>146</xmax>
			<ymax>127</ymax>
		</bndbox>
	</object>
</annotation>
