<annotation>
	<folder>read-to-me-out</folder>
	<filename>48.jpg</filename>
	<path>48.jpg</path>
	<source>
		<database>Unknown</database>
	</source>
	<size>
		<width>255</width>
		<height>143</height>
		<depth>3</depth>
	</size>
	<segmented>0</segmented>
	<object>
		<name>text block</name>
		<pose>Unspecified</pose>
		<truncated>0</truncated>
		<difficult>0</difficult>
		<bndbox>
			<xmin>36</xmin>
			<ymin>83</ymin>
			<xmax>101</xmax>
			<ymax>135</ymax>
		</bndbox>
	</object>
	<object>
		<name>text block</name>
		<pose>Unspecified</pose>
		<truncated>0</truncated>
		<difficult>0</difficult>
		<bndbox>
			<xmin>168</xmin>
			<ymin>62</ymin>
			<xmax>235</xmax>
			<ymax>110</ymax>
		</bndbox>
	</object>
</annotation>
