<annotation>
	<folder>read-to-me-out</folder>
	<filename>49.jpg</filename>
	<path>49.jpg</path>
	<source>
		<database>Unknown</database>
	</source>
	<size>
		<width>255</width>
		<height>143</height>
		<depth>3</depth>
	</size>
	<segmented>0</segmented>
	<object>
		<name>text block</name>
		<pose>Unspecified</pose>
		<truncated>0</truncated>
		<difficult>0</difficult>
		<bndbox>
			<xmin>113</xmin>
			<ymin>44</ymin>
			<xmax>143</xmax>
			<ymax>72</ymax>
		</bndbox>
	</object>
	<object>
		<name>text block</name>
		<pose>Unspecified</pose>
		<truncated>0</truncated>
		<difficult>0</difficult>
		<bndbox>
			<xmin>176</xmin>
			<ymin>41</ymin>
			<xmax>216</xmax>
			<ymax>64</ymax>
		</bndbox>
	</object>
</annotation>
