<annotation>
	<folder>read-to-me-out</folder>
	<filename>53.jpg</filename>
	<path>53.jpg</path>
	<source>
		<database>Unknown</database>
	</source>
	<size>
		<width>255</width>
		<height>453</height>
		<depth>3</depth>
	</size>
	<segmented>0</segmented>
	<object>
		<name>text block</name>
		<pose>Unspecified</pose>
		<truncated>0</truncated>
		<difficult>0</difficult>
		<bndbox>
			<xmin>27</xmin>
			<ymin>70</ymin>
			<xmax>176</xmax>
			<ymax>199</ymax>
		</bndbox>
	</object>
	<object>
		<name>text block</name>
		<pose>Unspecified</pose>
		<truncated>1</truncated>
		<difficult>0</difficult>
		<bndbox>
			<xmin>174</xmin>
			<ymin>273</ymin>
			<xmax>255</xmax>
			<ymax>327</ymax>
		</bndbox>
	</object>
</annotation>
