<annotation>
	<folder>read-to-me-out</folder>
	<filename>58.jpg</filename>
	<path>58.jpg</path>
	<source>
		<database>Unknown</database>
	</source>
	<size>
		<width>255</width>
		<height>143</height>
		<depth>3</depth>
	</size>
	<segmented>0</segmented>
	<object>
		<name>text block</name>
		<pose>Unspecified</pose>
		<truncated>0</truncated>
		<difficult>0</difficult>
		<bndbox>
			<xmin>116</xmin>
			<ymin>33</ymin>
			<xmax>159</xmax>
			<ymax>72</ymax>
		</bndbox>
	</object>
	<object>
		<name>text block</name>
		<pose>Unspecified</pose>
		<truncated>0</truncated>
		<difficult>0</difficult>
		<bndbox>
			<xmin>149</xmin>
			<ymin>71</ymin>
			<xmax>178</xmax>
			<ymax>94</ymax>
		</bndbox>
	</object>
</annotation>
