<annotation>
	<folder>read-to-me-out</folder>
	<filename>6.jpg</filename>
	<path>6.jpg</path>
	<source>
		<database>Unknown</database>
	</source>
	<size>
		<width>255</width>
		<height>453</height>
		<depth>3</depth>
	</size>
	<segmented>0</segmented>
	<object>
		<name>text block</name>
		<pose>Unspecified</pose>
		<truncated>0</truncated>
		<difficult>0</difficult>
		<bndbox>
			<xmin>8</xmin>
			<ymin>171</ymin>
			<xmax>124</xmax>
			<ymax>271</ymax>
		</bndbox>
	</object>
	<object>
		<name>text block</name>
		<pose>Unspecified</pose>
		<truncated>0</truncated>
		<difficult>0</difficult>
		<bndbox>
			<xmin>38</xmin>
			<ymin>307</ymin>
			<xmax>132</xmax>
			<ymax>362</ymax>
		</bndbox>
	</object>
</annotation>
