<annotation>
	<folder>read-to-me-out</folder>
	<filename>60.jpg</filename>
	<path>60.jpg</path>
	<source>
		<database>Unknown</database>
	</source>
	<size>
		<width>255</width>
		<height>453</height>
		<depth>3</depth>
	</size>
	<segmented>0</segmented>
	<object>
		<name>text block</name>
		<pose>Unspecified</pose>
		<truncated>0</truncated>
		<difficult>0</difficult>
		<bndbox>
			<xmin>7</xmin>
			<ymin>268</ymin>
			<xmax>66</xmax>
			<ymax>317</ymax>
		</bndbox>
	</object>
	<object>
		<name>text block</name>
		<pose>Unspecified</pose>
		<truncated>0</truncated>
		<difficult>0</difficult>
		<bndbox>
			<xmin>149</xmin>
			<ymin>306</ymin>
			<xmax>203</xmax>
			<ymax>352</ymax>
		</bndbox>
	</object>
</annotation>
