<annotation>
	<folder>read-to-me-out</folder>
	<filename>61.jpg</filename>
	<path>61.jpg</path>
	<source>
		<database>Unknown</database>
	</source>
	<size>
		<width>255</width>
		<height>453</height>
		<depth>3</depth>
	</size>
	<segmented>0</segmented>
	<object>
		<name>text block</name>
		<pose>Unspecified</pose>
		<truncated>0</truncated>
		<difficult>0</difficult>
		<bndbox>
			<xmin>21</xmin>
			<ymin>291</ymin>
			<xmax>85</xmax>
			<ymax>336</ymax>
		</bndbox>
	</object>
	<object>
		<name>text block</name>
		<pose>Unspecified</pose>
		<truncated>0</truncated>
		<difficult>0</difficult>
		<bndbox>
			<xmin>160</xmin>
			<ymin>297</ymin>
			<xmax>218</xmax>
			<ymax>343</ymax>
		</bndbox>
	</object>
</annotation>
