<annotation>
	<folder>read-to-me-out</folder>
	<filename>69.jpg</filename>
	<path>69.jpg</path>
	<source>
		<database>Unknown</database>
	</source>
	<size>
		<width>255</width>
		<height>453</height>
		<depth>3</depth>
	</size>
	<segmented>0</segmented>
	<object>
		<name>text block</name>
		<pose>Unspecified</pose>
		<truncated>0</truncated>
		<difficult>0</difficult>
		<bndbox>
			<xmin>88</xmin>
			<ymin>195</ymin>
			<xmax>166</xmax>
			<ymax>241</ymax>
		</bndbox>
	</object>
	<object>
		<name>text block</name>
		<pose>Unspecified</pose>
		<truncated>0</truncated>
		<difficult>0</difficult>
		<bndbox>
			<xmin>99</xmin>
			<ymin>252</ymin>
			<xmax>172</xmax>
			<ymax>326</ymax>
		</bndbox>
	</object>
</annotation>
