<annotation>
	<folder>read-to-me-out</folder>
	<filename>76.jpg</filename>
	<path>76.jpg</path>
	<source>
		<database>Unknown</database>
	</source>
	<size>
		<width>255</width>
		<height>453</height>
		<depth>3</depth>
	</size>
	<segmented>0</segmented>
	<object>
		<name>text block</name>
		<pose>Unspecified</pose>
		<truncated>0</truncated>
		<difficult>0</difficult>
		<bndbox>
			<xmin>78</xmin>
			<ymin>132</ymin>
			<xmax>221</xmax>
			<ymax>197</ymax>
		</bndbox>
	</object>
	<object>
		<name>text block</name>
		<pose>Unspecified</pose>
		<truncated>0</truncated>
		<difficult>0</difficult>
		<bndbox>
			<xmin>117</xmin>
			<ymin>306</ymin>
			<xmax>216</xmax>
			<ymax>354</ymax>
		</bndbox>
	</object>
</annotation>
