<annotation>
	<folder>read-to-me-out</folder>
	<filename>80.jpg</filename>
	<path>80.jpg</path>
	<source>
		<database>Unknown</database>
	</source>
	<size>
		<width>255</width>
		<height>453</height>
		<depth>3</depth>
	</size>
	<segmented>0</segmented>
	<object>
		<name>text block</name>
		<pose>Unspecified</pose>
		<truncated>0</truncated>
		<difficult>0</difficult>
		<bndbox>
			<xmin>81</xmin>
			<ymin>169</ymin>
			<xmax>195</xmax>
			<ymax>249</ymax>
		</bndbox>
	</object>
	<object>
		<name>text block</name>
		<pose>Unspecified</pose>
		<truncated>0</truncated>
		<difficult>0</difficult>
		<bndbox>
			<xmin>112</xmin>
			<ymin>263</ymin>
			<xmax>224</xmax>
			<ymax>321</ymax>
		</bndbox>
	</object>
</annotation>
