<annotation>
	<folder>read-to-me-out</folder>
	<filename>85.jpg</filename>
	<path>85.jpg</path>
	<source>
		<database>Unknown</database>
	</source>
	<size>
		<width>255</width>
		<height>453</height>
		<depth>3</depth>
	</size>
	<segmented>0</segmented>
	<object>
		<name>text block</name>
		<pose>Unspecified</pose>
		<truncated>0</truncated>
		<difficult>0</difficult>
		<bndbox>
			<xmin>63</xmin>
			<ymin>166</ymin>
			<xmax>158</xmax>
			<ymax>195</ymax>
		</bndbox>
	</object>
	<object>
		<name>text block</name>
		<pose>Unspecified</pose>
		<truncated>1</truncated>
		<difficult>0</difficult>
		<bndbox>
			<xmin>207</xmin>
			<ymin>154</ymin>
			<xmax>255</xmax>
			<ymax>221</ymax>
		</bndbox>
	</object>
</annotation>
