<annotation>
	<folder>read-to-me-out</folder>
	<filename>93.jpg</filename>
	<path>93.jpg</path>
	<source>
		<database>Unknown</database>
	</source>
	<size>
		<width>255</width>
		<height>453</height>
		<depth>3</depth>
	</size>
	<segmented>0</segmented>
	<object>
		<name>text block</name>
		<pose>Unspecified</pose>
		<truncated>0</truncated>
		<difficult>0</difficult>
		<bndbox>
			<xmin>46</xmin>
			<ymin>289</ymin>
			<xmax>131</xmax>
			<ymax>317</ymax>
		</bndbox>
	</object>
	<object>
		<name>text block</name>
		<pose>Unspecified</pose>
		<truncated>0</truncated>
		<difficult>0</difficult>
		<bndbox>
			<xmin>161</xmin>
			<ymin>163</ymin>
			<xmax>219</xmax>
			<ymax>182</ymax>
		</bndbox>
	</object>
</annotation>
