<annotation>
	<folder>read-to-me-out</folder>
	<filename>94.jpg</filename>
	<path>94.jpg</path>
	<source>
		<database>Unknown</database>
	</source>
	<size>
		<width>255</width>
		<height>453</height>
		<depth>3</depth>
	</size>
	<segmented>0</segmented>
	<object>
		<name>text block</name>
		<pose>Unspecified</pose>
		<truncated>0</truncated>
		<difficult>0</difficult>
		<bndbox>
			<xmin>144</xmin>
			<ymin>154</ymin>
			<xmax>225</xmax>
			<ymax>181</ymax>
		</bndbox>
	</object>
	<object>
		<name>text block</name>
		<pose>Unspecified</pose>
		<truncated>0</truncated>
		<difficult>0</difficult>
		<bndbox>
			<xmin>32</xmin>
			<ymin>291</ymin>
			<xmax>117</xmax>
			<ymax>313</ymax>
		</bndbox>
	</object>
</annotation>
